{
  "roi": {
    "blindTarget":   { "x": 0.121753, "y": 0.214286, "w": 0.129058, "h": 0.054834, "x_px": 234, "y_px": 231, "w_px": 248, "h_px": 59 },
    "roundScore":    { "x": 0.103085, "y": 0.371573, "w": 0.148539, "h": 0.057720, "x_px": 198, "y_px": 402, "w_px": 285, "h_px": 62 },

    "chips":         { "x": 0.048701, "y": 0.537519, "w": 0.087662, "h": 0.082251, "x_px": 94,  "y_px": 581, "w_px": 168, "h_px": 89 },
    "multiplier":    { "x": 0.160714, "y": 0.537518, "w": 0.086039, "h": 0.086580, "x_px": 309, "y_px": 581, "w_px": 165, "h_px": 94 },

    "hands":         { "x": 0.129871, "y": 0.683262, "w": 0.048701, "h": 0.050505, "x_px": 249, "y_px": 738, "w_px": 94,  "h_px": 55 },
    "discardsRemaining": { "x": 0.199676, "y": 0.684704, "w": 0.050325, "h": 0.051948, "x_px": 383, "y_px": 739, "w_px": 97,  "h_px": 56 },

    "money":         { "x": 0.129058, "y": 0.759740, "w": 0.115260, "h": 0.080808, "x_px": 248, "y_px": 821, "w_px": 221, "h_px": 87 },
    "ante":          { "x": 0.133117, "y": 0.889611, "w": 0.047078, "h": 0.059163, "x_px": 256, "y_px": 961, "w_px": 90,  "h_px": 64 },
    "round":         { "x": 0.198864, "y": 0.886724, "w": 0.054383, "h": 0.051948, "x_px": 382, "y_px": 958, "w_px": 104, "h_px": 56 },

    "cardsRemaining":{ "x": 0.868506, "y": 0.935786, "w": 0.042208, "h": 0.034632, "x_px": 1668,"y_px": 1011,"w_px": 81,  "h_px": 37 },

    "playHand":      { "x": 0.377435, "y": 0.833334, "w": 0.107955, "h": 0.105339, "x_px": 725, "y_px": 900, "w_px": 207, "h_px": 114 },
    "discardHand":   { "x": 0.601462, "y": 0.834776, "w": 0.105519, "h": 0.105339, "x_px": 1155,"y_px": 902, "w_px": 203, "h_px": 114 }
  },

  "handBand": { "x": 0.262175, "y": 0.582251, "w": 0.558442, "h": 0.236652, "x_px": 503, "y_px": 629, "w_px": 1072, "h_px": 256 },

  "cardRoi": {
    "rank": { "x": 0.05, "y": 0.05, "w": 0.27, "h": 0.27 },
    "suit": { "x": 0.05, "y": 0.33, "w": 0.27, "h": 0.27 }
  },

  "cardDetect": {
    "min_h_rel": 0.12,
    "max_h_rel": 0.30,
    "aspect_min": 0.60,
    "aspect_max": 0.80,
    "nms_iou": 0.30
  },

  "templateThreshold": 0.74
}